question,answer,explanation
국세기본법상 납세의무가 성립하는 때에 특별한 절차 없이 그 세액이 확정되는 국세이다: 인지세,Yes,
국세기본법상 납세의무가 성립하는 때에 특별한 절차 없이 그 세액이 확정되는 국세이다: 원천징수하는 소득세 또는 법인세,Yes,
국세기본법상 납세의무가 성립하는 때에 특별한 절차 없이 그 세액이 확정되는 국세이다: 납세조합이 징수하는 소득세,Yes,
국세기본법상 납세의무가 성립하는 때에 특별한 절차 없이 그 세액이 확정되는 국세이다: 중간예납하는 법인세(세법에 따라 정부가 조사결정하는 경우로 한정한다),No,
국세기본법상 납세의무가 성립하는 때에 특별한 절차 없이 그 세액이 확정되는 국세이다: 원천징수 등 납부지연가산세(납부고지서에 따른 납부기한 후의 가산세로 한정한다),Yes,
국세징수법상 고액상습체납자에 대하여 행할 수 있는 사항: 관할 세무서장은 체납 발생일부터 1년이 지난 국세의 합계액이 2억원 이상인 경우에 체납자의 수입물품에 대한 강제징수를 세관장에게 위탁할 수 있다,Yes,
국세징수법상 고액상습체납자에 대하여 행할 수 있는 사항: 국세청장은 체납발생일부터 2년이 지난 국세의 합계액이 2억원 이상인 경우에 체납자의 인적사항 및 체납액 등을 공개할 수 있으나 체납된 국세와 관련하여 심판청구가 계속 중인 경우에는 공개할 수 없다,Yes,
국세징수법상 고액상습체납자에 대하여 행할 수 있는 사항: 국세청장은 체납 발생일부터 1년이 지난 국세의 합계액이 2억원 이상인 경우에 체납자의 주소 또는 거소를 관할하는 지방검찰청 또는 지청의 검사에게 체납자의 감치를 신청할 수 있다,No,
국세징수법상 고액상습체납자에 대하여 행할 수 있는 사항: 법원의 결정으로 30일의 범위에서 체납된 국세가 납부될 때까지 체납자를 감치에 처할 수 있으며 감치의 집행 중에 체납된 국세를 납부한 경우 감치집행을 종료하여야 한다.,Yes,
"국세징수법상 고액상습체납자에 대하여 행할 수 있는 사항: 국세청장은 정당한 사유 없이 5천만원 이상의 국세를 체납한 자 중 명단이 공개된 고액상습체납자로서 관할 세무서장이 압류공매 담보 제공 보증인의 납세보증서 등으로 조세채권을 확보할 수 없고, 강제징수를 회피할 우려가 있다고 인정하는 사람에 대하여 법무부장관에게 출국금지를 요청하여야 한다",Yes,
"법인이 분할되거나 분할합병된 후 분할되는 법인이 존속하는 경우 분할법인, 분할신설법인 및 분할합병의 상대방 법인은 분할등기 이후에 분할법인에 부과되거나 납세의무가 성립한 국세 및 강제징수비에 대하여 연대하여 납부할 의무가 있다.",No,
법인이 채무자 회생 및 파산에 관한 법률 제215조에 따라 신회사를 설립하는 경우 기존의 법인에 부과되거나 납세의무가 성립한 국세 및 강제징수비는 신회사가 연대하여 납부할 의무를 진다.,Yes,
법인이 합병후 존속하는 법인 또는 합병으로 설립된 법인은 합병으로 소멸된 법인에 부과되거나 그 법인이 납부할 국세 및 강제징수비를 납부할 의무를 진다.,Yes,
소득세법상 공동사업자는 해당 공동사업자별로 납세의무를 지나 주된 공동사업자에게 합산과세되는 경우에는 주된 공동사업자의 특수관계인은 손익분배비율에 해당하는 그의 소득금액을 한도로 주된 공동사업자와 연대하여 납세의무를 진다.,Yes,
"법인이 분할 또는 분할합병한 후 소멸하는 경우 분할신설법인, 분할합병의 상대방 법인은 분할법인에 부과되거나 분할법인이 납부하여야 할 국세 및 강제징수비에 대하여 분할로 승계된 재산가액을 한도로 연대하여 납부할 의무가 있다.",Yes,
국세청장은 국세심사위원회 의결이 법령에 명백히 위반된다고 판단하는 경우 구체적인 사유를 적어 서면으로 국세심사위원회로 하여금 한 차례에 한정하여 다시 심의할 것을 요청할 수 있다.,Yes,
심사청구는 천재 등으로 인한 기한의 연장사유에 해당되어 정한 기간에 심사청구를 할 수 없을 때에는 그 사유가 소멸한 날부터 14일 이내에 심사청구를 할 수 있다.,Yes,
"심사청구의 보정요구를 받은 심사청구인은 보정할 사항을 서면으로 작성하여 국세청장에게 제출하거나, 국세청에 축석하여 보정할 사항을 말하고 그 말한 내용을 국세청 소속 공무원이 기록한 서면에 서명 또는 날인함으로써 보정할 수 있다.",Yes,
"심사청구인은 송부받은 의견서에 대하여 항변하기 위하여 국세청장에게 증거서류나 증거물을 제출할 수 있으며, 국세청장이 요구하는 경우 정한 기한까지 해당 증거서류 또는 증거물을 제출해야 한다.",Yes,
심사청구의 대상이 되는 처분으로 권리나 이익을 침해당하지 않는 경우에는 그 심사청구가 이유 없다고 인정되므로 청구인의 주장을 받아들이지 아니하는 기각결정을 한다.,No,
국세징수법상 압류한 재산을 수의계약으로 매각할 수 있는 경우: 공매가 공익을 위하여 적절하지 아니한 경우,Yes,
국세징수법상 압류한 재산을 수의계약으로 매각할 수 있는 경우: 제1회 공매 후 1년간 5회 이상 공매하여도 매각되지 아니한 경우,Yes,
국세징수법상 압류한 재산을 수의계약으로 매각할 수 있는 경우: 부패 변질 또는 감량되기 쉬운 재산으로서 속히 매각하지 아니하면 그 재산가액이 줄어들 우려가 있는 경우,Yes,
국세징수법상 압류한 재산을 수의계약으로 매각할 수 있는 경우: 압류한 재산의 추산가격이 1천만원 미만인 경우,Yes,
국세징수법상 압류한 재산을 수의계약으로 매각할 수 있는 경우: 수의계약으로 매각하지 아니하면 매각대금이 체납된 세액 이하가 될 것으로 예상되는 경우,No,
납부기한 전 징수에 따라 납부고지를 받고 단축된 기한까지 국세를 완납하지 아니한 경우에는 독촉업이 압류한다.,Yes,
채권 압류의 효력은 채권 압류 통지서가 체납자에게 송달된 때에 발생한다.,No,
체납자 또는 제3자가 압류재산의 사용 또는 수익을 하는 경우 그 재산의 매각으로 인하여 권리를 이전하기 전까지 이미 거두어들인 천연과실에 대해서는 압류의 효력이 미치지 아니한다.,Yes,
"세무공무원은 제3자가 제3자의 주거에 체납자의 재산을 감춘 혐의가 있다고 인정되는 경우 제3자의 주거를 수색할 수 있고, 해당 주거의 폐쇄된 문 금고를 직접 열 수 있다.",Yes,
관할 세무서장은 체납자가 국가의 재산을 매수한 경우 소유권 이전 전이라도 그 재산에 관한 체납자의 국가에 대한 권리를 압류한다.,Yes,
납세자가 납부기한의 만료일 10이 전까지 납부기한 연장 신청을 하였으나 관할 세무서장이 그 신청일부터 10일 이내에 승인여부를 통지하지 아니한 경우에는 신청일부터 10일이 되는 날에 그 신청을 승인한 것으로 본다.,Yes,
납세자가 도난으로 재산에 심한 손실을 입은 경우는 납부기한의 연장사유에 해당하나 세무사법에 따라 납세자의 장부 작성을 대행하는 세무사가 해당 납세자의 장부를 도난당한 경우는 해당하지 아니한다.,No,
관할 세무서장은 납부고지의 유예를 신청받은 경우 납부고지 예정인 국세의 납부하여야 할 기한의 만료일까지 납세자에게 납부고지 유예의 승인 여부를 통지하여야 한다.,Yes,
관할 세무서장은 납부기한의 연장을 하는 경우 그 연장과 관계되는 금액에 상당하는 납세담보의 제공을 요구할 수 있으나 납세자가 재난 또는 도난으로 재산에 심한 손실을 입은 경우에는 그러하지 아니하다.,Yes,
관할 세무서장은 납부고지의 유예를 한 후 해당 납세자인 법인의 해산으로 그 유예한 기한까지 유예와 관계되는 국세의 전액을 징수할 수 없다고 인정되는 경우 그 납부고지의 유예를 취소하고 유예와 관계되는 국세를 한꺼번에 징수 할 수 있다.,Yes,
1년 이하의 징역 또는 공급가액에 부가가치세의 세율을 적용하여 계산한 세액의 2배 이하에 상당하는 벌금: 「부가가치세법」에 따라 세금계산서를 발급받아야 할 자가 통정하여 세금계산서를 발급받지 아니하거나 거짓으로 기재한 세금계산서를 발급받은 행위,Yes,
1년 이하의 징역 또는 공급가액에 부가가치세의 세율을 적용하여 계산한 세액의 2배 이하에 상당하는 벌금: 「소득세법」 또는 「법인세법」에 따라 매입처별 계산서합계표를 제출하여야 할 자가 통정하여 매입처별 계산서합계표를 거짓으로 기재하여 제출한 행위,Yes,
1년 이하의 징역 또는 공급가액에 부가가치세의 세율을 적용하여 계산한 세액의 2배 이하에 상당하는 벌금: 재화 또는 용역을 공급하지 아니하거나 공급받지 아니하고 「부가가치세법」에 따른 세금계산서를 발급하거나 발급받은 행위,No,
1년 이하의 징역 또는 공급가액에 부가가치세의 세율을 적용하여 계산한 세액의 2배 이하에 상당하는 벌금: 재화 또는 용역을 공급하지 아니하거나 공급받지 아니하고 「부가가치세법」에 따른 매출ㆍ매입처별 세금계산서합계표를 거짓으로 기재하여 제출한 행위,No,
1년 이하의 징역 또는 공급가액에 부가가치세의 세율을 적용하여 계산한 세액의 2배 이하에 상당하는 벌금: 「소득세법」 또는 「법인세법」에 따라 계산서를 발급받아야 할 자가 통정하여 계산서를 발급받지 아니하거나 거짓으로 기재한 계산서를 발급받은 행위,Yes,
1년 이하의 징역 또는 공급가액에 부가가치세의 세율을 적용하여 계산한 세액의 2배 이하에 상당하는 벌금: 「부가가치세법」에 따라 매입처별 세금계산서합계표를 제출하여야 할 자가 통정하여 매입처별 세금계산서합계표를 거짓으로 기재하여 제출한 행위,Yes,
국세환급금을 충당할 경우에는 체납된 국세 및 강제징수비에 우선 충당해야 하므로 납세자가 납부고지에 따라 납부하는 국세에 충당하는 것을 신청한 경우에도 체납된 국세 및 강제징수비에 우선 충당해야 한다.,No,
원천징수의무자가 원천징수하여 납부한 세액에서 환급받을 환급세액이 있는 경우 그 원천징수의무자가 그 환급액을 즉시 환급해 줄 것을 요구하는 경우에는 즉시 환급한다.,Yes,
국세환급금의 소멸시효는 세무서장이 납세자의 환급청구를 촉구하기 위하여 납세자에게 하는 환급청구의 안내 통지 등으로 인하여 중단되지 아니한다.,Yes,
"세무서장은 국세환급금에 관한 권리의 양도 요구가 있는 경우에 양도인 또는 양수인이 납부할 국세 및 강제징수비가 있으면 그 국세 및 강제징수비에 충당하고, 남은 금액에 대해서는 양도의 요구에 지체 없이 따라야 한다.",Yes,
납세자가 상속세를 물납한 후 그 부과의 전부 또는 일부를 취소하거나 감액하는 경정결정에 따라 환급하는 경우에는 해당 물납재산으로 환급하여야 한다. 이 경우 국세환급가산금은 지급하지 아니한다.,Yes,
납세의무자로 하여금 과세표준의 신고(신고의 수정을 포함)를 하지 아니하게 하거나 거짓으로 신고하게 한 자 또는 조세의 징수나 납부를 하지 않을 것을 선동하거나 교사한 자는 1년 이하의 징역 또는 1천만원 이하의 벌금에 처한다.,Yes,
사기나 그 밖의 부정한 행위로써 조세를 포탈하거나 조세의 환급공제를 받은 자에 대해서는 정상에 따라 징역형과 벌금형을 병과할 수 있다.,Yes,
"조세범처벌법에 따른 범칙행위에 대해서는 국세청장, 지방국세청장 또는 세무서장의 고발이 없으면 검사는 공소를 제기할 수 없다.",Yes,
이중장부의 작성 등 장부의 거짓 기장으로 조세를 포탈하거나 조세의 환급공제받는 범칙행위를 한 자에 대해서는 형법 제38조 제1항 제2호 중 벌금 경합에 관한 제한가중규정을 적용하지 아니한다.,Yes,
조세를 포탈하기 위한 증거인멸의 목적으로 세법에서 비치하도록 하는 장부 또는 증빙서류를 해당 국세의 법정신고기한이 지난 날부터 7년 이내에  소각파기 또는 은닉한 자는 2년 이하의 징역 또는 2천만원 이하의 벌금에 처한다.,No,
소득세법령상 이자소득에 포함된다: 국가가 발행한 채권으로서 그 원금이 물가에 연동되는 채권의 경우 해당 채권의 연금증가분,Yes,
소득세법령상 이자소득에 포함된다: 국외에서 받는 예금의 이자,Yes,
소득세법령상 이자소득에 포함된다: 신협법에 다른 조합이 환매기간에 따른 사전약정이율을 적용하여 환매수하는 조건으로 매매하는 증권의 매매차익,Yes,
소득세법령상 이자소득에 포함된다: 국채를 공개시장에서 통합발행하는 경우 그 매각가액과 액면가액과의 차액,No,
소득세법령상 이자소득에 포함된다: 국가가 발행한 채권이 원금과 이자가 분리되는 경우 원금에 해당하는 채권의 할인액,Yes,
B세무서장이 그 관할지역에 납세지를 두고 있는 (주)A의 법인소득금액을 경정하면서 주주인 거주자 갑을 귀속자로 하는 배당소득처분을 하고자 한다: 처분되는 배당소득은 B세무서장이 경정일로부터 15일이내에 소득금액변동통지서에 따라 (주)A에 통지해야 한다.,Yes,
B세무서장이 그 관할지역에 납세지를 두고 있는 (주)A의 법인소득금액을 경정하면서 주주인 거주자 갑을 귀속자로 하는 배당소득처분을 하고자 한다: 주(A)에게 소득금액변동통지서를 송달할수 없는 경우에는 갑에게 통지해야 한다.,Yes,
B세무서장이 그 관할지역에 납세지를 두고 있는 (주)A의 법인소득금액을 경정하면서 주주인 거주자 갑을 귀속자로 하는 배당소득처분을 하고자 한다: (주)A가 소득금액변동통지서에 따라 통지를 받은 경우 (주)A는 그 소득금액변동통지의 취소를 구하는 행정심판을 제기할 수 있다.,Yes,
B세무서장이 그 관할지역에 납세지를 두고 있는 (주)A의 법인소득금액을 경정하면서 주주인 거주자 갑을 귀속자로 하는 배당소득처분을 하고자 한다: B세무서장이 (주)A에게 소득금액변동통지서를 통지한 경우 통지하였다는 사실을 갑에게 알려야 한다.,Yes,
B세무서장이 그 관할지역에 납세지를 두고 있는 (주)A의 법인소득금액을 경정하면서 주주인 거주자 갑을 귀속자로 하는 배당소득처분을 하고자 한다: 주(A)에게 소득금액변동통지서를 통지한 경우 그 통지하였다는 사실을 갑에게 알릴 때에는 알리는 내용에 소득금액 변동내용을 포함해야 한다.,No,"소득금액 변동내용은 법인에게만 통지하면 되고, 주주인 거주자에게는 배당소득 처분에 따른 소득세 과세표준과 세액을 통지하면 된다"
무기명주식의 이익이나 배당에 대하여는 그 지급을 한 날 소득세를 원천징수한다.,Yes,
출자공동사업자의 배당소득으로서 과세기간 종료일까지 지급하지 아니한 소득은 과세기간 종료일에 그 소득을 지급한 것으로 보아 소득세를 원천징수한다.,No,
원천징수의무자가 12월분의 근로소득을 다음 연도 2월말일까지 지급하지 아니한 경우에는 그 근로소득을 다음 연도 2월 말일에 지급한 것으로 보아 소득세를 원천징수한다.,Yes,
퇴직소득을 지급해야할 원천징수의무자가 1월부터 11월까지의 사이에 퇴직한 사람의 퇴직소득을 해당 과세기간의 12월 31일까지 지급하지 아니한 경우에는 그 퇴직소득을 12월 31일에 지급한 것으로 보아 소득세를 원천징수한다 (공적연금 관련법에 따라 받는 일시금 아님),Yes,
법인세 과세표준을 신고하면서 법인세법에 따라 처분되는 기타소득에 대하여는 신고일 또는 수정신고일에 그 기타소득을 지급한 것으로 보아 소득세를 원천징수한다.,Yes,
소득세법령상 기타소득은 이자 배당 사업 근로 연금 퇴직 및 양도 소득 외의 소득이어야 한다,Yes,
노조업무종사자로서 근로시간면제자가 노조법 상의 근로시간 면제한도를 초과하는 범위에서 지급받는 급여는 기타소득에 해당한다,Yes,
특정 소득이 기타소득으로 법령에 열거된 것 중 어떤 소득에 해당하는지 여부는 기타소득금액에 영향을 미치지 아니한다.,No,
뇌물은 위법소득이지만 기타소득으로 과세된다,Yes,
종교인소득에 대하여 근로소득으로 원천징수한 경우에는 해당소득을 근로소득으로 본다.,Yes,
건물을 양도(부담부증여 아님) 한 경우에는 그 양도일이 속하는 달의 말일부터 2개월 내에 예정신고를 해야 한다,Yes,
법령상의 토지거래계약에 관한 허가구역에 있는 토지를 양도할 때 토지거래계약허가(허가를 받은 후 허가구역 지정이 해제됨)를 받기 전에 대금을 청산한 경우에는 그 허가일이 속하는 달의 말일부터 2개월 내에 예정신고를 해야 한다,Yes,
해당 과세기간에 누진세율의 적용대산 자산에 대한 예정신고를 2회 이상 하는 경우에는 이미 신고한 양도소득금액과 합산하여 신고해야 한다,No,
납세지 관할 세무서장 또는 지방국세청장은 예정신고를 해야 할 자가 그 신고를 하지 아니한 경우에는 해당거주자의 양도소득과세표준과 세액을 결정한다.,Yes,
건물을 부담부증여하는 경우 부담부증여의 채무액에 해당하는 부분으로서 양도로 보는 경우에는 그 양도일이 속하는 달의 말일부터 3개월 내에 예정신고를 해야 한다.,Yes,
"소득세법령상 거주자 갑이 배우자 및 직계존비속이 아닌 특수관계인에게 2023. 3. 1.에 자산을 증여한 후 그 자산을 증여받은 자가 그 증여일로부터 10년 이내에 다시 타인에게 양도한 경우 갑이 그 자산을 직접 양도한 것으로 보되, 특수관계인이 증여세를 납부한다는 점을 고려하여 양도차익 계산시 취득가액은 증여시의 가액으로 한다.",No,
소득세법령상 거주자 갑이 배우자 및 직계존비속이 아닌 특수관계인에게 2023. 3. 1.에 자산을 증여한 후 그 자산을 증여받은 자가 그 증여일로부터 10년 이내에 다시 타인에게 양도한 경우 갑이 자산을 직접 양도한 것으로 보는 경우 그 양도소득에 대해서는 갑과 증여받은 자가 연대하여 납세의무를 진다,Yes,
소득세법령상 거주자 갑이 배우자 및 직계존비속이 아닌 특수관계인에게 2023. 3. 1.에 자산을 증여한 후 그 자산을 증여받은 자가 그 증여일로부터 10년 이내에 다시 타인에게 양도한 경우 갑에게 양도소득세가 과세되는 경우에는 수증자가 당초 증여받은 자산에 대하여 납부한 증여세는 필요경비에 산입한다.,No,
소득세법령상 거주자 갑이 배우자 및 직계존비속이 아닌 특수관계인에게 2023. 3. 1.에 자산을 증여한 후 그 자산을 증여받은 자가 그 증여일로부터 10년 이내에 다시 타인에게 양도한 경우 양도소득이 수증자에게 실질적으로 귀속된 경우에도 갑이 그 자산을 직접 양도한 것으로 본다.,No,
소득세법령상 거주자 갑이 배우자 및 직계존비속이 아닌 특수관계인에게 2023. 3. 1.에 자산을 증여한 후 그 자산을 증여받은 자가 그 증여일로부터 10년 이내에 다시 타인에게 양도한 경우 특수관계인이 그 자산을 양도한 것으로 보되 양도차익 계산시 취득가액은 갑의 취득 당시 가액으로 한다,No,
내국법인이 해당 법인이 출자한 외국자회사로부터 받은 수입배당금액은 각 사업연도의 소득금액을 계산할 때 익금에 산입하지 아니한다.,No,
내국법인이 수입배당금을 익금불산입할 수 있는 외국자회사란 내국법인이 의결권 있는 발행주식총수의 100분의 1을 초과하여 출자하고 있는 외국법인을 말한다.,No,
국제조세조정에 관한 법률에 따라 특정외국법인의 유보소득에 대하여 내국법인이 배당받은 것으로 보는 금액에 대해서는 각 사업연도의 소득금액을 계산할 때 익금에 산입하지 아니한다.,No,
내국법인이 적격합병에 따라 다른 내국법인이 보유하고 있던 외국자회사의 주식등을 승계받은 때에는 그 승계 전 다른 내국법인이 외국자회사의 주식등을 취득한 때부터 해당 주식등을 보유한 것으로 본다.,Yes,
혼성금융상품의 거래에 따라 내국법인이 지급받는 수입배당금액은 각 사업연도의 소득금액을 계산할 때 익금에 산입하지 않는다.,No,
주식회사 등의 외부감사에 관한 법률에 따라 감사인에 의한 감사를 받은 내국법인은 성실신고확인서를 제출하지 아니할 수 있다.,Yes,
성실신고 확인 대상인 내국법인이 법령에 따라 성실신고확인서를 제출하는 경우에는 각 사업연도의 종료일이 속하는 달의 말일부터 4개월 이내에 그 사업연도의 소득에 대한 법인세의 과세표준과 세액을 납세지 관할 세무서장에게 신고해야 한다.,Yes,
소득세법에 따른 성실신고확인대상사업자가 사업용자산을 현물출자하여 내국법인으로 전환한 경우 그 내국법인은 법인으로 전환한 후 5년 동안 성실신고확인서를 제출해야 한다.,No,
성실신고확인서 제출 불성실 가산세를 적용할 때 법령에 따른 경정으로 산출세액이 0보다 크게 된 경우에는 경정된 산출세액을 기준으로 가산세를 계산한다.,Yes,
성실신고확인서 제출 불성실 가산세는 산출세액이 없는 경우에도 적용한다.,Yes,
비영리내국법인의 각사업연도의 소득에는 고육목적사업에 직접 사용하는 자산의 처분으로 인한 모든 수입을 포함한다,No,
비영리내국법인의 고유목적사업준비금을 손비로 계상한 경우에는 그 계상한 고육목적 사업준비금을 이후 연속하는 3개 사업연도의 산출세액에서 순차적으로 차감한다.,No,
수익사업을 하는 비영리내국법인은 유형자산인 토지의 양도로 인하여 발생하는 소득이 있는 경우엥 과세표준 신고를 하지 아니한다.,No,
수익사업을 하는 비영리내국법인은 장부의 기록보관 불성실 가산세의 적용을 받지 않는다.,Yes,
비영리법인이 수익사업을 하는 경우에는 자산부채 및 손익을 그 숭기사업에 속하는 것과 수익사업이 아닌 그 밖의 사업에 속하는 것을 각각 다른 회계로 구분하여 기록하지 않을 수 있다.,No,
소득세법에 따른 채권의 이자 중 그 지급받은 자가 불분명한 것으로서 채궝닁 이자를 당해 채권의 발행법인이 직접 지급하는 경우 그 지급사실이 객관적으로 인정되지 아니하는 이자는 내국법인의 각 사업연도의 소득금액을 계산할 때 손금에 산입하지 아니한다.,Yes,
거래일 현재 주민등록표에 의하여 그 거주사실 등이 확인된 채권자가 차입금을 변제받은 후 소재불명이 된 경우의 차입금에 대한 이자는 채권자가 불분명한 사채의 이자에서 제외한다.,Yes,
특정차입금에 대한 지급이자등은 건설등이 준공된 날이 속하는 사업연도 종료일까지 이를 자본적 지출로 하여 그 원본에 가산한다.,No,
"특정차입금의 연체로 인하여 생긴 이자를 원본에 가산한 경우 그 가산한 금액은 이를 해당 사업연동의 자본적 지출로 하고, 그 원본에 가산한 금액에 대한 지급이자는 이를 손금으로 한다.",Yes,
국민연금법에 의하여 근로자가 지급받은 것으로 보는 퇴직금전환금은 특수관계인에게 해당 법인의 업무와 관련없이 지급하 가지급금등에서 제외한다.,Yes,
"법인세법령상 즉시상각의 의제와 관련하여, 내국법인이 각 사업연도에 해당 자산의 가치를 현실적으로 증가시키기 위하여 지출한  다음과 같은 수선비를 해당 사업연도의 손비로 계상한 경우에 자본적 지출에 포함하지 않는 경우이다: 개별자산별로 수선비로 지출한 금액이 600만원 이상인 경우",No,
"법인세법령상 즉시상각의 의제와 관련하여, 내국법인이 각 사업연도에 해당 자산의 가치를 현실적으로 증가시키기 위하여 지출한  다음과 같은 수선비를 해당 사업연도의 손비로 계상한 경우에 자본적 지출에 포함하지 않는 경우이다: 개별자산별로 수선비로 지출한 금액이 직전 사업연도종료일 현재 재무상태표상의 자산가액(취득가액에서 감가상각누계액상당액을 차감한 금액을 말한다)의 100분의 5에 미달하는 경우",Yes,
"법인세법령상 즉시상각의 의제와 관련하여, 내국법인이 각 사업연도에 해당 자산의 가치를 현실적으로 증가시키기 위하여 지출한  다음과 같은 수선비를 해당 사업연도의 손비로 계상한 경우에 자본적 지출에 포함하지 않는 경우이다: 3년의 기간마다 주기적인 수선을 위하여 지출하는 경우",No,
부가세법상 부가세 과세대상에 해당하는지: 사업자가 자기의 사업과 관련하여 사업장 내에서 그 사용인에게 음식용역을 무상으로 제공하는 경우,No,
부가세법상 부가세 과세대상에 해당하는지: 공급받을 자의 해약으로 인하여 공급할 자가 재화 또는 용역의 공급없이 위약금 또는 이와 유사한 손해배상금을 받는 경우,No,
부가세법상 부가세 과세대상에 해당하는지: 선주와 하역회사 간의 계약으로 하역회사의 선적지연으로 인하여 선주가 하역회사로부터 체선료를 받는 경우,No,
부가세법상 부가세 과세대상에 해당하는지: 사업자가 자기의 사업과 관련하여 생산하거나 취득한 재화를 자기의 과세사업과 관련한 사후 무료서비스를 제공하기 위하여 사용소비하는 경우,No,
부가세법상 부가세 과세대상에 해당하는지: 사업자가 자기의 고객 중 추첨을 통하여 당첨된 자에게 자기생산 취드재화를 경품으로 제공하는 경우,Yes,
처음 공급한 재화가 환입된 경우 수정세금계산서 또는 수정전자세금계산서의 작성일에는 처음 세금계산서 작성일을 적고 붉은색 글씨를 쓰거나 음의 표시를 하여 수정세금계산서 또는 수정전자세금계산서를 발급할 수 있다.,No,
관할 세무서장은 개인사업자가 전자세금계산서 의무발급 개인사업자에 해당하는 경우에는 전자세금계산서를 발급해야 하는 기간이 시작되기 전까지 그 사실을 해당 개인사업자에게 통지해야 한다.,No,
자동차운전학원 사업을 하는 일반과세자가 감가상각자산을 공급하는 경우에 그 공급받는 사업자가 사업자등록증을 제시하고 세금계산서의 발급을 요구하면 세금계산서를 발급해야 한다.,Yes,
법인사업자가 전자세금계산서를 발급했을 때에는 전자세금계산서 발급일의 다음달 10일까지 전자세금계산서 발급명세를 국세청장에게 전송해야 한다.,No,
매입자발행세금계산서를 발행하려는 자는 해당 재화 또는 용역의 공급시기가 속하는 과세기간의 종료일부터 1년 이내에 거래사실확인신청서에 거래사실을 객관적으로 입증할 수 있는 서류를 첨부하여 신청인 관할 세무서장에게 거래사실의 확인을 신청해야 한다.,No,
금융업을 영위하는 내국법인의 차입금 중 국외지배주주로부터 차입한 금액이 해당 국외지배주주가 출자한 출자금액의 2배를 초과하는 경우엥는 그 초과분에 대한 지급이자 및 할인료는 그 내국법인의 손금에 산입하지 아니한다,No,
국외지배주주의 지급보증에 의해 제3자로부터 차입한 금액에 대한 지급이자 손금불산입액은 배당으로 처분된 것으로 본다,No,
"손금불산입액으로 산정되는 지급이자와 할인액의 범위에는 내국법인이 국외지배주주에게 지급해야 할 사채할인발행차금 상각액, 융통어음 할인료 등 그 경제적 실질이 이자에 해당하는 것과 건설자금이자를 포함한다",No,
서로 다른 이자율이 적용되는 지급이자와 할인액이 함께 있는 경우에는 초과차입금적수에 가중평균이자율을 곻ㅂ하여 지급이자 손금불산입액을 산정한다,No,
국제조세조정에 관한 법률상 출자금액 대비 과다차입금 지급이자의 손금불산입 규정은 법인세법상 지급이자의 손금불산입 규정보다 우선하여 적용한다,Yes,
부가세 납세의무가 없다: 농민이 자기 농지의 확장 또는 농지개량작업에서 생긴 토사석을 일시적으로 판매하는 경우,Yes,
부가세 납세의무가 없다: 청산 중에 있는 내국법인이 상법에 따른 계속등기 여부에 불구하고 사실상 사업을 계속하는 경우,No,
부가세 납세의무가 없다: 새마을금고법에 따라 설립된 새마을금고가 사업상 독립적으로 부가세가 과세되는 재화를 공급하는 경우,No,
부가세 납세의무가 없다: 사업자가 아닌 자가 개인적으로 사용하기 위해 부가세가 과세되는 재화를 수입하는 경우,No,
"부가세 납세의무가 없다: 농어민이 부업으로 소득세가 과세되지 아니하는 민박, 음식물 판매, 특산물 제조, 전통차 제조 및 그 밖에 이와 유사한 활동을 하는 경우",No,
거주자 또는 내국법인과 비거주자 또는 ㅗ이국법인은 조세조약에 따라 우리나라와 체약상대국 간에 조세조정이 필요한 경우에는 국세청장에게 상호합의절차의 개시를 신청할 수 있다.,No,
국세청장은 상호합의절차의 개시 신청을 받거나 직권으로 상호합의절차 개시를 요청한 경우에는 기획재정부장관에게 보고해야 한다,No,
기재부장관은 조세조약의 적용 및 해석에 관하여 체약상대국과 협의할 필요성이 있는 경우에는 직원으로 체약상대국의 권한있는 당국에 상호합의절차 개시를 요청할 수 있다.,No,
체약상대국의 권한 있는 당국에 상호합의절차 개시를 요청한 경우에는 상호합의절차 개시 요청일을 상호합의절차의 개시일로 한다.,Yes,
상호합의절차가 개시된 경우 상호합의절차의 개시일부터 종료일까지의 기간은 국세기본법상 불복청구기관과 불복결정기간에 산입하지 아니한다.,No,
부가세법상 영세율이 적용되지 않는다: 관세법에 따른 수입신고 수리전의 물품으로서 보세구역에 보관하고 있는 물품을 외국으로 반출하는 것으로서 국내사업장에서 계약과 대가수령 등 거래가 이루어지는 것,No,
부가세법상 영세율이 적용되지 않는다: 대한민국 선박에 의하여 채집되거나 잡힌 수산물을 외국으로 반출하는 것,No,
부가세법상 영세율이 적용되지 않는다: 사업자가 국내에서 국내사업장이 없는 비거주자에게 직접 재화를 공급하고 그 대가를 외국환은행에서 원화로 받는 경우,Yes,
부가세법상 영세율이 적용되지 않는다: 사업자가 국외에서 건설공사를 도급받은 국내사업자로부터 해당 건설공사를 재도급받아 국외에서 건설용역을 제공하고 그 대가를 원도급자로부터 원화로 받는 경우,No,
부가세법상 영세율이 적용되지 않는다: 항공사업법에 따른 상업서류 송달용역,No,
행정청의 단순한 부작위도 취소소송의 대상이 된다,No,
행정청의 재량에 속하는 처분이라도 재량권의 한계를 넘거나 그 남용이 있는 때에는 법원은 이를 취소할 수 있다.,Yes,
법원이 법규명령의 위헌위법 여부를 심사하려면 그것이 재판의 전제가 되어야 한다.,Yes,
객관소송은 법률에 특별한 규정이 없는 한 인정되지 않는다,Yes,
행정소송에 있어 반사적 이익의 침해는 소송의 대상이 되지 않는다,Yes,
"행정심판전치주의는 행정행위의 특수성, 전문성 등에 비추어 처분행정청으로 하여금 스스로 재고, 시정할 수 있는 기회를 부여하기 위함이다.",Yes,
필요적 행정심판전치가 적요오디는 경우 그 요건을 구비했는가 여부는 법원의 직권조사 사항이다.,Yes,
처분을 행한 행정청이 행정심판을 거칠 필요가 없다고 잘못 알린 때에는 행정심판을 제기함이 없이 소송을 제기할 수 있다.,Yes,
행정심판 전치요건은 행정소송 제기 이전에 반드시 갖추어야 하는 것은 아니고 사실심 변론종결시까지 갖추면 된다.,Yes,
동종사건에 관하여 이미 행정심판의 기각재결이 있은 때에도 행정심판을 거쳐야 한다,No,
행정소송에 관하여 이 법에 특별한 규정이 없는 사항에 대하여는 민법과 민사소송 및 민사집행법의 규정을 준용한다,No,
행정소송에 관하여 이 법에 특별한 규정이 없는 사항에 대하여는 민법과 민사소송 및 행정심판법의 규정을 준용한다,No,
행정소송에 관하여 이 법에 특별한 규정이 없는 사항에 대하여는 법원조직법과 민사소송 및 행정심판법의 규정을 준용한다,No,
행정소송에 관하여 이 법에 특별한 규정이 없는 사항에 대하여는 법원조직법과 민사소송 및 민사집행법의 규정을 준용한다,Yes,
행정소송에 관하여 이 법에 특별한 규정이 없는 사항에 대하여는 민사집행법과 민사소송 및 행정심판법의 규정을 준용한다,No,
토지의 수용에 관계되는 처분 등에 대한 취소소송은 그 부동산 소재지를 관할하는 행정법원에 제기할 수 있다.,Yes,
법원은 소송의 전부에 대하여 관할권이 없다고 인저하는 경우에는 결정으로 이를 관할법원에 이송한다,Yes,
원고가 고의 또는 중대한 과실 없이 행정소송으로 제기할 사건을 민사소송을 잘못 제기한 경우 수소법원이 행정소송의 관할권이 없으면 관할법원에 이송해야 한다,Yes,
민사소송으로 제기할 것을 당사자 소송으로 행정법원에 제기한 경우 피고가 관할위반이라고 항변하지 않고 본안에 대한 변론을 한 경우 법원에 변론관할이 생겼다고 본다,Yes,
소송당사자에게 관할위반을 이유료 하는 이송신청권을 인정하고 있다,No,
취소소송에 부당이득반환청구소송이 병합된 경우 부당이득반환청구가 인용되려면 취소판결이 확정되어야 한다,No,
"민사소송이 행정소송에 관련청구로 병합되기 위해서는 원칙적으로 그 청구의 발생원인 등이 처분 등과 법률상 또는 사실상 공통되거나, 그 처분의 효력이나 존부유무가 선결문제로 되는 등의 관계가 잇어야 한다",Yes,
취소소송에는 사실심의 변론종결시까지 관련청구소송을 병합하여 제기할 수 있다,Yes,
국가유공자 비해당결정처분과 보훈보상대상자 비해당결정처분의 취소를 청구하는 것은 동시에 인정될 수 없는 양립불가능한 관계에 있다,Yes,
행정처분에 대한 무효확인과 취소청구는 서로 양립할 수 없는 청구로 단순 병합은 허용되지 않는다,Yes,
농림부 장관이 갑에 대한 농지보전부담금 부과처분을 한다는 의사표시가 담긴 납부통지서를 수납업무 대행자인 한국농어촌공사를 통해 갑에게 전달했다. 갑이 그 부과처분에 대해 항고소송을 제기한다면 피고는 농림축산식품부,No,
농림부 장관이 갑에 대한 농지보전부담금 부과처분을 한다는 의사표시가 담긴 납부통지서를 수납업무 대행자인 한국농어촌공사를 통해 갑에게 전달했다. 갑이 그 부과처분에 대해 항고소송을 제기한다면 피고는 한국농어촌공사 및 농림축산식품부,No,
농림부 장관이 갑에 대한 농지보전부담금 부과처분을 한다는 의사표시가 담긴 납부통지서를 수납업무 대행자인 한국농어촌공사를 통해 갑에게 전달했다. 갑이 그 부과처분에 대해 항고소송을 제기한다면 피고는 한국농어촌공사,No,
농림부 장관이 갑에 대한 농지보전부담금 부과처분을 한다는 의사표시가 담긴 납부통지서를 수납업무 대행자인 한국농어촌공사를 통해 갑에게 전달했다. 갑이 그 부과처분에 대해 항고소송을 제기한다면 피고는 한국농어촌공사사장,No,
농림부 장관이 갑에 대한 농지보전부담금 부과처분을 한다는 의사표시가 담긴 납부통지서를 수납업무 대행자인 한국농어촌공사를 통해 갑에게 전달했다. 갑이 그 부과처분에 대해 항고소송을 제기한다면 피고는 농림축산식품부장관,Yes,
무효인 처분을 취소소송으로 다투는 경우 취소청구에는 엄밀한 의미의 취소뿐 아니라 무효를 선언하는 의미의 취소를 구하는 취지가 포함되어 있어야 한다,Yes,
소송요건의 구비 여부는 법원에 의한 직권조사사항이다,Yes,
검사의 공소에 대하여는 행정소송의 방법으로 공소의 취소를 구할 수 있다,No,
군의관이 하는 병역법상 신체등위 판정은 항고소송의 대상이 되는 처분이 아니다,Yes,
행정청의 거부처분이 있은 후 당사자가 다시 신청을 한 경우에는 그 내용이 새로운 신청을 하는 취지라면 행정청이 이를 다시 거절하는 것은 새로운 거부처분으로 봄이 원칙이다,Yes,
취소소송은 처분등의 취소를 구할 법률상 이익이 있는 자가 제기할 수 있다,Yes,
국각는 국토이용계획과 관련한 지자체장의 기관위임사무 처리에 관하여 지자체장을 상대로 취소소송을 제기할 수 있다,No,
구속된 피고인은 교도소장의 접견허가거부처분의 취소를 구할 원고적격을 가진다.,Yes,
원고적격은 사실심 변론종결시는 물론 상고심에서도 존속해야 한다,Yes,
환경영향평가대상지역에 거주하는 원자로시설부지 인근 주민들은 원자로시설부지사전승인처분의 취소를 구할 원고적격이 있다,Yes,
법원은 소송의 결과에 따라 권리의 침해를 받을 제3자가 있는 경우 그 제3자를 소송에 참가시킬 수 있다,Yes,
법원이 제3자를 소송에 참가시킬 결정을 하고자 할 때에는 미리 당사자 및 제3자의 의견을 들어야 한다,Yes,
행정소송 사건에서 민사소송법상 보조참가의 요건을 갖춘 경우에도 민소법상 보조참가가 허용되는 것은 아니다,No,
제3자가 참가신청을 했으나 각하된 경우 그 제3자는 각하결정에 대하여 즉시항고할 수 있다,Yes,
특정 소송사건에서 당사자 일방을 보조하기 위해 보조참가를 하려면 소송결과에 법률상 이해관계가 있어야 한다,Yes,
행소법상 소송의 종류에 해당한다: 항고소송,Yes,
행소법상 소송의 종류에 해당한다: 당사자소송,Yes,
행소법상 소송의 종류에 해당한다: 민중소송,Yes,
행소법상 소송의 종류에 해당한다: 기관소송,Yes,
행소법상 소송의 종류에 해당한다: 예방적부작위청구소송,No,
소의 청구취지변경을 불허하는 결정에 대해서는 독립하여 항고할 수 있다,No,
처분변경으로 인한 소의 변경 신청은 처분의 변경이 있음을 안 날로부터 60일 이내에 해야 한다,Yes,
소의 변경응ㄹ 허가하는 결정에 대해 새로운 소의 피고는 즉시항고할 수 없다,No,
"처분 변경으로 인한 소의 변경은 취소소송, 무효등 확인소송 및 당사자소송에서 인정된다",Yes,
국민의 신청행위에 대한 거부행위가 처분이 되기 위한 요건: 신청한 행위가 공권력의 행사 또는 이에 준하는 행정작용이어야 한다,Yes,
"국민의 신청행위에 대한 거부행위가 처분이 되기 위한 요건: 신청권의 존부는 관계 법규의 해석에 의해 국민에게 신청권이 인정되는지 여부를 살펴 추상적으로 결정되는 것이고, 특정인의 신청이 인용될 수 있는가 하는 점은 본안에서 판단해야 할 사항이다",Yes,
국민의 신청행위에 대한 거부행위가 처분이 되기 위한 요건: 행정청의 행위발동을 요구할 신청권은 법규상 또는 조리상 인정되어야 한다,Yes,
국민의 신청행위에 대한 거부행위가 처분이 되기 위한 요건: 직권취소를 할 수 있다는 사정만으로 이해관계인에게 처분청에 대해 그 취소를 요구할 신청권이 부여된 것으로 볼 수는 없다,Yes,
국민의 신청행위에 대한 거부행위가 처분이 되기 위한 요건: 공사중지명령의 상대방은 명령 이후에 그 원인사유가 소멸하였음을 들어 그 명령의 철회를 요구할 수 있는 조리상의 신청권이 없다,No,
행소법상 기관소송: 충청남도와 세종시간의 권한쟁의심판은 기관소송에 해당한다,No,
행소법상 기관소송: 국가 또는 공공단체의 기관 상호간에 있어서의 권한의 존부 또는 그 행사에 관한 다툼이 있을 때 제기하는 소송이다,Yes,
행소법상 기관소송: 교육학예에 관한 시도의회의 재의결에 대하여 교육감이 대법원에 제기하는 소송은 기관소송의 일종이다,Yes,
행소법상 기관소송: 기관소송으로써 처분의 취소를 구하는 소송에는 그 성질에 반하지 아니하는 한 취소소송에 관한 규정이 준용된다,Yes,
행소법상 기관소송: 기관소송응로써 부작위의 위법의 확인을 구하는 소송에는 그 성질에 반하지 아니하는 한 부작위위법확인소송에 관한 규정이 준용된다,Yes,
"판례상 다음 사안에 공통적으로 적용되는 소송이다: 당사자소송
ㅇ서울시 무용단원의 해촉 ㅇ지방전문직공무원인 공중보건의사의 채용계약해지 ㅇ법령에 의해 확정된 부가세 환급세액 지급청구",Yes,
"판례상 다음 사안에 공통적으로 적용되는 소송이다: 취소소송
ㅇ서울시 무용단원의 해촉 ㅇ지방전문직공무원인 공중보건의사의 채용계약해지 ㅇ법령에 의해 확정된 부가세 환급세액 지급청구",No,
"판례상 다음 사안에 공통적으로 적용되는 소송이다: 민중소송
ㅇ서울시 무용단원의 해촉 ㅇ지방전문직공무원인 공중보건의사의 채용계약해지 ㅇ법령에 의해 확정된 부가세 환급세액 지급청구",No,
"판례상 다음 사안에 공통적으로 적용되는 소송이다: 의무이행소송
ㅇ서울시 무용단원의 해촉 ㅇ지방전문직공무원인 공중보건의사의 채용계약해지 ㅇ법령에 의해 확정된 부가세 환급세액 지급청구",No,
"판례상 다음 사안에 공통적으로 적용되는 소송이다: 부작위위법확인소송
ㅇ서울시 무용단원의 해촉 ㅇ지방전문직공무원인 공중보건의사의 채용계약해지 ㅇ법령에 의해 확정된 부가세 환급세액 지급청구",No,
병무청장이 법무장관에게 재외동포 가수의 입국 자체를 금지해달라고 요청함에 따라 법무장관이 가수이 입국금지 결정을 하고 그 정보를 내부전산망인 출입국관리정보시스템에 입력하였으나  가수에게는 통보하지 않았다. 이후 가수가 체류자격의 사증발급을 신청하자 재외공관장은 전화로 사증발급이 불허되었음을 통지하였다. 법무장관의 입국금지결정은 항고소송의 대상인 처분이다,No,
병무청장이 법무장관에게 재외동포 가수의 입국 자체를 금지해달라고 요청함에 따라 법무장관이 가수이 입국금지 결정을 하고 그 정보를 내부전산망인 출입국관리정보시스템에 입력하였으나  가수에게는 통보하지 않았다. 이후 가수가 체류자격의 사증발급을 신청하자 재외공관장은 전화로 사증발급이 불허되었음을 통지하였다. 재외동포에 대한 사증발급은 병무청장의 기속행위이다,No,
병무청장이 법무장관에게 재외동포 가수의 입국 자체를 금지해달라고 요청함에 따라 법무장관이 가수이 입국금지 결정을 하고 그 정보를 내부전산망인 출입국관리정보시스템에 입력하였으나  가수에게는 통보하지 않았다. 이후 가수가 체류자격의 사증발급을 신청하자 재외공관장은 전화로 사증발급이 불허되었음을 통지하였다. 재외공관장의 사증발급 불허 통지는 상급행정기관의 지시를 따른 것이라면 적법하다,No,
병무청장이 법무장관에게 재외동포 가수의 입국 자체를 금지해달라고 요청함에 따라 법무장관이 가수이 입국금지 결정을 하고 그 정보를 내부전산망인 출입국관리정보시스템에 입력하였으나  가수에게는 통보하지 않았다. 이후 가수가 체류자격의 사증발급을 신청하자 재외공관장은 전화로 사증발급이 불허되었음을 통지하였다. 법무장관의 입국금지결정에는 공정력과 불가쟁력이 있다,No,
병무청장이 법무장관에게 재외동포 가수의 입국 자체를 금지해달라고 요청함에 따라 법무장관이 가수이 입국금지 결정을 하고 그 정보를 내부전산망인 출입국관리정보시스템에 입력하였으나  가수에게는 통보하지 않았다. 이후 가수가 체류자격의 사증발급을 신청하자 재외공관장은 전화로 사증발급이 불허되었음을 통지하였다. 처분청이 가수에 대한 입국금지결정을 함에 있어 공익과 가수가 입게 되는 불이익을 전혀 비교형량하지 않았다면 이는 위법하다,Yes,
집행정지결정의 효력은 집행정지기간이 만료되면 소급하여 효력을 상실한다,No,
집행정지결정은 관계행정기관에는 미치지 않는다,No,
집행정지신청에 대한 기각의 결정에 대하여는 즉시항고 할 수 없다,No,
무효등 확인소송에도 집행정지규정이 준용된다,Yes,
집행정지결정을 한 후 본안소송이 취하되어도 집행정지결정의 효력은 결정 주문에서 정한 기간까지 존속한다,No,
원칙적으로 항고소송에서 행정처분의 위법 여부는 행정처분이 있을 때의 법령과 사실 상태를 기준으로 판단한다,Yes,
원칙적으로 항고소송에서 처분의 위법여부는 처분 후에 생긴 법령의 개폐나 사실 상태의 변동에 영향을 받지 않는다,Yes,
허가신청 후 허가기준이 변경되었다 하더라도 그 허가관청이 허가신청을 수리하고도 정당한 이유 없이 그 처리를 늦추어 그 사이 허가기준이 변경된 것이 아닌 이상 변경된 허가기준에 따라서 처분을 해야 한다,Yes,
법원은 처분 당시 존재했던 자료나 행정청에 제출되었던 자료만으로 위법 여부를 판단해야 한다,No,
과징금 부과기준에 관한 처분시의 시행령이 행위시의 시행령보다 불리하게 개정되었고 적용법령에 대한 특별한 규정이 없다면 행위시의 시행령을 적용해야 한다,Yes,
처분사유의 추가변경에 관하여 행소법상 명문의 근거규정이 존재한다,No,
처분사유의 추가변경에 관하여 행정청의 처분사유의 추가변경시한은 사실심 변론종결시까지이다,Yes,
처분사유의 추가변경에 관하여 처분사유의 추가변경을 제한하는 취지는 행정처분의 상대방의 방어권을 보장함으로써 실질적 법치주의를 구현하는 것이다,Yes,
처분사유의 추가변경에 관하여 항고소송에 있어서 처분청이 당초 처분의 근거로 삼은 사유와 기본적 사실관계의 동일성이 인정되지 않는 별개의 사실을 들어 처분사유로서 주장할 수는 없다,Yes,
처분사유의 추가변경에 관하여 처분사유의 추가변경이 제한은 상대방의 신뢰보호와도 관련이 있다,Yes,
항고소송에 있어서 원고는 전심절차에서 주장하지 아니한 공격방어방법을 소송절차에서 주장할 수 있다,Yes,
취소소송에서 처부사유에 관한 입증책임은 행정청에게 있다,Yes,
행정처분의 당연무효를 주장하여 그 무효확인을 구하는 행정소송에 있어서는 피고에게 그 행정처분이 무효가 아니라는 것을 입증할 책임이 있다,No,
정보공개거부처분 취소소송에서 비공개사유의 주장입증책임은 피고에게 있다,Yes,
과세대상이 된 토지가 비과세대상이라는 점은 이를 주장하는 납세의무자에게 입증책임이 있다,Yes,
취소소송의 제기는 처분 등의 효력에 영향을 주지 아니한다,Yes,
집행정지는 공공복리에 중대한 영향을 미칠 우려가 있을 때에는 허용되지 아니한다,Yes,
집행정지신청이 신청요건을 결여하여 부적법하면 법원은 그 신청을 기각해야 한다,No,
거부처분에 대해서는 집행정지가 인정되지 않는다,Yes,
집행정지 결정에는 기속력에 관한 행소법 제30조 제1항의 규정이 준용된다,Yes,
판례상 일부취소가 가능하다: 조세부과처분과 같은 금전부과처분이 기속행위인 경우로서 당사자가 제출한 자료에 의해 저당한 부과금액을 산정할 수 있는 경우,Yes,
판례상 일부취소가 가능하다: 재량행위인 자동차운수사업면허조건 등을 위반한 사업자에 대한 과징금부과처분이 법정 최고한도액을 초과하여 위법한 경우,No,
판례상 일부취소가 가능하다: 개발부담금부과처분 취소소송에서 제출한 자료에 의하여 적법하게 부과될 부과금액이 산출될 수 없는 경우,No,
"판례상 일부취소가 가능하다: 제1종 보통, 대형 및 특수면허를 가지고 잇는 자가 레이카크레인을 음주운전한 행위에 대해서 위 3종의 면허를 모두 취소한 경우",Yes,
영업정지 1개월 처분을 받은 갑은 처분에 대한 취소를 구하고 당해 영업정지로 발생하는 영업피해도 구제받고자 한다: 갑은 민사법원에 영업정지처분의 취소를 병합하여 제기할 수 있다,No,
영업정지 1개월 처분을 받은 갑은 처분에 대한 취소를 구하고 당해 영업정지로 발생하는 영업피해도 구제받고자 한다: 갑이 제기한느 국가배상소송과 취소소송은 행정법원에서 다루어지므로 소의 이송문제가 발생하지 않는다,No,
영업정지 1개월 처분을 받은 갑은 처분에 대한 취소를 구하고 당해 영업정지로 발생하는 영업피해도 구제받고자 한다: 갑이 제기한 취소소송의 확정판결이 나오지 않았다면 사실심 변론종결후라도 손해배상소송이 사후병합될 수 있다,No,
영업정지 1개월 처분을 받은 갑은 처분에 대한 취소를 구하고 당해 영업정지로 발생하는 영업피해도 구제받고자 한다: 갑은 취소소송과 영업피해에 대한 소송을 관할 행정법원에 병합하여 제기할 수 있다,Yes,
영업정지 1개월 처분을 받은 갑은 처분에 대한 취소를 구하고 당해 영업정지로 발생하는 영업피해도 구제받고자 한다: 갑이 제기하는 국가배상소송잉 인용되려면 영업정지처분의 취소가 확정되어야 한다,No,
처분이 적법한 경우에는 사정판결의 대상이 되지 않는다.,Yes,
사정판결을 하는 경우 법원은 그 판결의 주문에서 그 처분등이 위법함을 명시해야 한다,Yes,
사정판결의 적용은 극히 엄격한 요건 아래 제한적으로 해야 한다,Yes,
공공복리를 위한 사정판결의 필요성은 처분시를 기준으로 판단한다,No,
피고인 행정청의 청구에 의해 사정판결이 행해질 수도 있다,Yes,
갑에 대한 처분을 다투는 항고소송이 A행정법원에 계속 중이며 당해 처분과 관련되는 부당이득반환소송이 B지방법원에 계속되는 경우 두 소송이 관련청구이면 A행정법원에 자동이송된다,No,
갑에 대한 처분을 다투는 항고소송이 A행정법원에 계속 중이며 당해 처분과 관련되는 부당이득반환소송이 B지방법원에 계속되는 경우 법원은 갑의 신청이 없다면 이송결정을 할 수 없다,No,
갑에 대한 처분을 다투는 항고소송이 A행정법원에 계속 중이며 당해 처분과 관련되는 부당이득반환소송이 B지방법원에 계속되는 경우 갑의 이송신청에 대해 B지방법원이 각하결정을 했다고 하더라도 즉시항고 할 수 없다,No,
갑에 대한 처분을 다투는 항고소송이 A행정법원에 계속 중이며 당해 처분과 관련되는 부당이득반환소송이 B지방법원에 계속되는 경우 소송을 이송받은 법원은 사건을 다시 다른 법원에 이송하지 못한다,Yes,
갑에 대한 처분을 다투는 항고소송이 A행정법원에 계속 중이며 당해 처분과 관련되는 부당이득반환소송이 B지방법원에 계속되는 경우 갑이 무효확인 소송을 제기한 경우 B지방법원은 직권으로 이송결정을 할 수 없다,No,
행정소송에 적용되는 심리원칙: 공개심리주의,Yes,
행정소송에 적용되는 심리원칙: 쌍방심리주의,Yes,
행정소송에 적용되는 심리원칙: 처분권주의,Yes,
행정소송에 적용되는 심리원칙: 구술심리주의,Yes,
행정소송에 적용되는 심리원칙: 직권탐지우선주의,No,
처분 등을 취소하는 판결에 의하여 권리 또는 이익의 침해를 받은 제3자는 자기에게 책임없는 사유로 소송에 참가하지 못함으로써 판결의 결과에 영향을 미치 공격 또는 방어방법을 제출하지 못한 때에는 이를 이유로 확정된 종국판결에 대하여 확정판결이 있음을 안 날로부터 30일 이내 - 판결이 확정된 날로부터 60일 이내에 제기해야 한다,No,확정판결이 있음을 안 날로부터 30일 이내 - 판결이 확정된 날로부터 1년 이내에 제기해야 한다
처분 등을 취소하는 판결에 의하여 권리 또는 이익의 침해를 받은 제3자는 자기에게 책임없는 사유로 소송에 참가하지 못함으로써 판결의 결과에 영향을 미치 공격 또는 방어방법을 제출하지 못한 때에는 이를 이유로 확정된 종국판결에 대하여 확정판결이 있음을 안 날로부터 30일 이내 - 판결이 확정된 날로부터 90일 이내에 제기해야 한다,No,확정판결이 있음을 안 날로부터 30일 이내 - 판결이 확정된 날로부터 1년 이내에 제기해야 한다
처분 등을 취소하는 판결에 의하여 권리 또는 이익의 침해를 받은 제3자는 자기에게 책임없는 사유로 소송에 참가하지 못함으로써 판결의 결과에 영향을 미치 공격 또는 방어방법을 제출하지 못한 때에는 이를 이유로 확정된 종국판결에 대하여 확정판결이 있음을 안 날로부터 30일 이내 - 판결이 확정된 날로부터 1년 이내에 제기해야 한다,Yes,
처분 등을 취소하는 판결에 의하여 권리 또는 이익의 침해를 받은 제3자는 자기에게 책임없는 사유로 소송에 참가하지 못함으로써 판결의 결과에 영향을 미치 공격 또는 방어방법을 제출하지 못한 때에는 이를 이유로 확정된 종국판결에 대하여 확정판결이 있음을 안 날로부터 60일 이내 - 판결이 확정된 날로부터 120일 이내에 제기해야 한다,No,확정판결이 있음을 안 날로부터 30일 이내 - 판결이 확정된 날로부터 1년 이내에 제기해야 한다
처분 등을 취소하는 판결에 의하여 권리 또는 이익의 침해를 받은 제3자는 자기에게 책임없는 사유로 소송에 참가하지 못함으로써 판결의 결과에 영향을 미치 공격 또는 방어방법을 제출하지 못한 때에는 이를 이유로 확정된 종국판결에 대하여 확정판결이 있음을 안 날로부터 60일 이내 - 판결이 확정된 날로부터 1년 이내에 제기해야 한다,No,확정판결이 있음을 안 날로부터 30일 이내 - 판결이 확정된 날로부터 1년 이내에 제기해야 한다
간접강제는 모든 항고소송에 준용된다,No,"간접강제결정에 대한 즉시항고는 민사집행법상의 즉시항고로, 그에 관한 항고법원의 결정에 대한 재항고절차에 있어서는 민사집행법상의 즉시항고와 재항고에 관한 규정이 준용된다고 할 수 있습니다. 그러나 특정한 경우에는 간접강제규정이 준용되지 않을 수도 있습니다. 따라서 간접강제가 모든 항고소송에 준용되는 것은 아닙니다."
간접강제 결정은 변론없이 할 수 있다,Yes,
당사자가 제1심수소법원에 신청해야 한다,Yes,
간접강제 결정시 지연기간에 따라 일정한 배상을 할 것을 명하거나 즉시 손해배상을 할 것을 명할 수 있다,Yes,
간접강제 결정은 피고 또는 참가인이었던 행정청이 소속하는 국가 또는 공공단체에 그 효력을 미친다,Yes,
공법상 법률관계에 관한 소송이라는 점에서 민사소송과 구별된다,Yes,
공익사업을 위한 토지 등의 취득 및 보상에 관한 법률에 따른 수용재결에 의한 보상금증감청구소송은 형식적 당사자소송에 해당한다,Yes,
공무수탁사인은 당사자소송의 피고가 될 수 없다,No,"공무수탁사인은 행정청에 포함되므로, 공무수탁사인이 행정심판의 피청구인이나 항고소송의 피고적격을 가질 수 있다"
제3자에 의한 재심청구 규정은 당사자소송에 준용되지 않는다,Yes,
재판관할에 관하여 취소소송 규정이 준용된다,Yes,
무효확인소송을 제기하였으나 청구가 기각된 경우에는 소송비용은 원고가 부담한다,Yes,
취소청구가 사정판결에 의해 기각된 경우에는 소송비용은 원고가 부담한다,No,"행정소송법 제32조에 따르면, 취소청구가 사정판결에 의해 기각되거나 행정청이 처분 등을 취소 또는 변경함으로 인하여 청구가 각하 또는 기각된 경우에는 소송비용은 피고의 부담"
취소소송에서 청구가 전부인용된 경우에는 소송비용은 피고가 부담한다,Yes,
행정청이 처분을 변경함으로 인해 청구가 기각된 경우에는 소송비용은 피고가 부담한다,Yes,
행정청이 처분을 취소함으로 인해 청구가 각하된 경우에는 소송비용은 피고가 부담한다,Yes,
판례상 당사자소송에 해당한다: 구 도시 및 주거환경정비법 상 주택재건축정비사업조합을 상대로 관리처분계획안에 대한 조합 총회결의의 효력을 다투는 소송,Yes,
판례상 당사자소송에 해당한다: 구 도시 및 주거환경정비법 상 재개발조합과 조합장 사이의 선임 해임을 둘러싼 법률관계에 관한 소송,No,"대법원의 판례에 따르면, 재개발조합과 조합장 또는 조합임원 사이의 선임·해임 등을 둘러싼 법률관계는 사법상의 법률관계로서 그 조합장 또는 조합임원의 지위를 다투는 소송은 민사소송에 의하여야 할 것"
판례상 당사자소송에 해당한다: 재개발조합의 관리처분계획의 취소를 구하는 소송,No,"대법원의 판례에 따르면, 관리처분계획과 그 인가처분은 각각 별개의 행정처분이며, 인가처분에 하자가 없다면 기본행위의 무효를 내세워 바로 그에 대한 행정청의 인가처분의 취소 또는 무효확인을 소구할 수 없음

또한, 재개발조합이 재결신청을 하고, 토지수용위원회가 이에 기하여 금전보상의 재결을 하여 그 재결이 확정되면, 토지 및 건물을 수용당한 조합원은 토지 및 건물에 대한 소유권을 상실하고, 재개발조합의 조합원 지위도 상실하게 됨"
판례상 당사자소송에 해당한다: 명예퇴직한 법관이 미지급 명예퇴직수당의 지급을 구하는 소송,Yes,